repeat,model,color_parameters,train_games,test_games,train_log_loss,test_log_loss,converged
1,no_color,0,84358,233642,0.36662931978680297,0.3714504222705661,True
1,global_color,1,84358,233642,0.3624108774424099,0.37000938724757243,True
1,quadratic,3,84358,233642,0.35972018829613756,0.36821658653707157,True
1,cubic_spline,8,84358,233642,0.3585895579310876,0.3685232374830268,True
1,piecewise_constant_250,17,84358,233642,0.35890606208559045,0.3683185153834538,True
1,piecewise_constant_500,9,84358,233642,0.3591111875706735,0.3683380731997189,True
1,negative_exponential,2,84358,233642,0.3599391982704777,0.3683839019974205,True
1,piecewise_linear_1,4229,84358,233642,0.3415142923390096,0.6257092307030979,True
1,piecewise_linear_100,44,84358,233642,0.35675179765107873,0.36903336704417716,True
1,piecewise_linear_250,18,84358,233642,0.3577090654700242,0.368288449256674,True
1,piecewise_linear_500,10,84358,233642,0.359324003098513,0.3683043617425033,True
1,piecewise_linear_1500,4,84358,233642,0.35942290086387874,0.36822808916294625,True
2,no_color,0,88748,229252,0.3439770466844276,0.38031188726626225,True
2,global_color,1,88748,229252,0.34152906280112577,0.37786995492517417,True
2,quadratic,3,88748,229252,0.34065231181715677,0.37591588244695506,True
2,cubic_spline,8,88748,229252,0.34012561447928585,0.37633677884166494,True
2,piecewise_constant_250,17,88748,229252,0.3395984937028757,0.377238645847569,True
2,piecewise_constant_500,9,88748,229252,0.3403009460004795,0.3760247364140673,True
2,negative_exponential,2,88748,229252,0.34075060897819776,0.37616901946010045,True
2,piecewise_linear_1,4213,88748,229252,0.3246379181912252,0.5522682655530315,True
2,piecewise_linear_100,43,88748,229252,0.33919036996355517,0.37642003067247265,True
2,piecewise_linear_250,18,88748,229252,0.33941550596470443,0.37605597616177894,True
2,piecewise_linear_500,10,88748,229252,0.3401902644713131,0.376379442368874,True
2,piecewise_linear_1500,4,88748,229252,0.34037604414029615,0.3759098765501948,True
3,no_color,0,77786,240214,0.37633217544598735,0.3681765472431797,True
3,global_color,1,77786,240214,0.37395803626654717,0.3657065538124974,True
3,quadratic,3,77786,240214,0.37254071237166353,0.3639755932030109,True
3,cubic_spline,8,77786,240214,0.3717078680635888,0.36413519394987165,True
3,piecewise_constant_250,17,77786,240214,0.37180169300195237,0.36434169109720493,True
3,piecewise_constant_500,9,77786,240214,0.3720705097295002,0.3640495573330553,True
3,negative_exponential,2,77786,240214,0.3727063647936073,0.3641623427509774,True
3,piecewise_linear_1,4267,77786,240214,0.35711012253319085,0.4801100477764019,True
3,piecewise_linear_100,44,77786,240214,0.37125825372416205,0.3643081454316808,True
3,piecewise_linear_250,18,77786,240214,0.37153100940008627,0.36377321506957366,True
3,piecewise_linear_500,10,77786,240214,0.3717843201868556,0.3643374451109001,True
3,piecewise_linear_1500,4,77786,240214,0.3720452058507568,0.36399894344661615,True
4,no_color,0,80592,237408,0.3706292741685993,0.370016095729373,True
4,global_color,1,80592,237408,0.36974697540384266,0.3675694507385191,True
4,quadratic,3,80592,237408,0.36850038635688126,0.3652196135274511,True
4,cubic_spline,8,80592,237408,0.3682724046431406,0.3662027216098416,True
4,piecewise_constant_250,17,80592,237408,0.3680617802459906,0.3683708912109616,True
4,piecewise_constant_500,9,80592,237408,0.36840851213873005,0.36527860226646947,True
4,negative_exponential,2,80592,237408,0.36856539962179125,0.365822792001805,True
4,piecewise_linear_1,4216,80592,237408,0.3576391103529252,0.455877967410196,True
4,piecewise_linear_100,43,80592,237408,0.3673704374813282,0.3684363432039825,True
4,piecewise_linear_250,18,80592,237408,0.3679147450936204,0.36783633089989065,True
4,piecewise_linear_500,10,80592,237408,0.3680030878711007,0.36714564757824264,True
4,piecewise_linear_1500,4,80592,237408,0.3685589258032232,0.36510445619740217,True
5,no_color,0,79954,238046,0.36103398958749006,0.3732405674333388,True
5,global_color,1,79954,238046,0.3582596147609214,0.370924306577823,True
5,quadratic,3,79954,238046,0.35431834119872313,0.3714643499555896,True
5,cubic_spline,8,79954,238046,0.35366983743355485,0.3739005762066241,True
5,piecewise_constant_250,17,79954,238046,0.35337748478993564,0.3758020000069415,True
5,piecewise_constant_500,9,79954,238046,0.3541468376259094,0.37173891942758147,True
5,negative_exponential,2,79954,238046,0.3544017226623592,0.3729738303498934,True
5,piecewise_linear_1,4208,79954,238046,0.3392819846291207,0.48930502773963186,True
5,piecewise_linear_100,43,79954,238046,0.35296993680003047,0.37575138973351,True
5,piecewise_linear_250,18,79954,238046,0.3533408308716293,0.37566832733356453,True
5,piecewise_linear_500,10,79954,238046,0.3536886994809101,0.3735958794113465,True
5,piecewise_linear_1500,4,79954,238046,0.35430630621744863,0.3714938105180302,True
6,no_color,0,72746,245254,0.3850117712891198,0.3657696486276123,True
6,global_color,1,72746,245254,0.38227095544623857,0.3634122886686818,True
6,quadratic,3,72746,245254,0.3801373978078569,0.36200099000525937,True
6,cubic_spline,8,72746,245254,0.37967305121468214,0.3632861220578344,True
6,piecewise_constant_250,17,72746,245254,0.37930976626476237,0.36383468470547936,True
6,piecewise_constant_500,9,72746,245254,0.3797450592632875,0.36210589882741145,True
6,negative_exponential,2,72746,245254,0.38097899592225754,0.36183569571803303,True
6,piecewise_linear_1,4191,72746,245254,0.3672280470245761,0.43284737308500515,True
6,piecewise_linear_100,43,72746,245254,0.3786105312322185,0.3638565183068176,True
6,piecewise_linear_250,18,72746,245254,0.37936777514152004,0.3637913057542551,True
6,piecewise_linear_500,10,72746,245254,0.3794565261196301,0.36378898962636247,True
6,piecewise_linear_1500,4,72746,245254,0.3801149373538429,0.36177845489114024,True
7,no_color,0,79954,238046,0.3611387394346701,0.373205384446515,True
7,global_color,1,79954,238046,0.35950901208594455,0.3705857801209046,True
7,quadratic,3,79954,238046,0.3590158696652375,0.3685124701690459,True
7,cubic_spline,8,79954,238046,0.3584630591070341,0.3694066769977761,True
7,piecewise_constant_250,17,79954,238046,0.3583520308559694,0.3695320890794492,True
7,piecewise_constant_500,9,79954,238046,0.3584729314807031,0.36938812391263676,True
7,negative_exponential,2,79954,238046,0.35913937380409044,0.36887702127278116,True
7,piecewise_linear_1,4142,79954,238046,0.34663680741368047,0.49371243803000164,True
7,piecewise_linear_100,43,79954,238046,0.3579360407377991,1.1645952322156263,True
7,piecewise_linear_250,18,79954,238046,0.3582867540913637,0.3685685068787891,True
7,piecewise_linear_500,10,79954,238046,0.3584626149090849,0.3694286306874013,True
7,piecewise_linear_1500,4,79954,238046,0.3585140834779405,0.36910882729996114,True
8,no_color,0,81544,236456,0.3649774017577846,0.37196272655283846,True
8,global_color,1,81544,236456,0.3619092926987284,0.3697879483787168,True
8,quadratic,3,81544,236456,0.357402857386198,0.3701771535893959,True
8,cubic_spline,8,81544,236456,0.3569453692924049,0.37093699466946833,True
8,piecewise_constant_250,17,81544,236456,0.3567298406913598,0.37107616862258735,True
8,piecewise_constant_500,9,81544,236456,0.35772132327675993,0.36954921976509447,True
8,negative_exponential,2,81544,236456,0.3574371193183342,0.37073849770358086,True
8,piecewise_linear_1,4155,81544,236456,0.34552388432716075,0.4874950378875838,True
8,piecewise_linear_100,43,81544,236456,0.3559485799959277,0.37328915863673345,True
8,piecewise_linear_250,18,81544,236456,0.3564275259132124,0.3724811318982286,True
8,piecewise_linear_500,10,81544,236456,0.3566371046958178,0.3716037914725161,True
8,piecewise_linear_1500,4,81544,236456,0.35738406564778896,0.37004692963503677,True
9,no_color,0,85940,232060,0.36461392338951887,0.37222966104722693,True
9,global_color,1,85940,232060,0.3587479998595349,0.3721055044061602,True
9,quadratic,3,85940,232060,0.35497474586441496,0.37061613899349505,True
9,cubic_spline,8,85940,232060,0.35408558562346243,0.3733823294351428,True
9,piecewise_constant_250,17,85940,232060,0.3539256291916416,0.37293723210770113,True
9,piecewise_constant_500,9,85940,232060,0.3549774964992672,0.37048309599841706,True
9,negative_exponential,2,85940,232060,0.35530224070962296,0.3712641177529049,True
9,piecewise_linear_1,4187,85940,232060,0.34071164219621114,0.46733474296864347,True
9,piecewise_linear_100,43,85940,232060,0.35353586663972353,0.3736362083135367,True
9,piecewise_linear_250,18,85940,232060,0.3537925680026608,0.373764478901926,True
9,piecewise_linear_500,10,85940,232060,0.35411249769803277,0.3723460228990966,True
9,piecewise_linear_1500,4,85940,232060,0.3550754154212033,0.3704707282308889,True
10,no_color,0,75916,242084,0.3711008949792392,0.369880042363274,True
10,global_color,1,75916,242084,0.3693197643416075,0.3672976004044592,True
10,quadratic,3,75916,242084,0.36883167813652973,0.36545312944353114,True
10,cubic_spline,8,75916,242084,0.36839881541003483,0.36547040133687136,True
10,piecewise_constant_250,16,75916,242084,0.3682182174701869,0.3655510930396076,True
10,piecewise_constant_500,9,75916,242084,0.368546334756417,0.3654990483847627,True
10,negative_exponential,2,75916,242084,0.3688852064607074,0.3656974515541156,True
10,piecewise_linear_1,4012,75916,242084,0.3594879418773399,0.4651984030091979,True
10,piecewise_linear_100,41,75916,242084,0.36780238374488594,0.36568966031697,True
10,piecewise_linear_250,17,75916,242084,0.368044522498683,0.36516816348189596,True
10,piecewise_linear_500,10,75916,242084,0.3681517171226277,0.36511109615651965,True
10,piecewise_linear_1500,4,75916,242084,0.36848514682305206,0.3658171219135109,True
11,no_color,0,76942,241058,0.40338846461402117,0.35956915130127487,True
11,global_color,1,76942,241058,0.40106641275256016,0.3570969910833496,True
11,quadratic,3,76942,241058,0.39826714278986936,0.35579032141383515,True
11,cubic_spline,8,76942,241058,0.3964192899777576,0.3612229539197322,True
11,piecewise_constant_250,17,76942,241058,0.39570823703040253,0.3635174280963235,True
11,piecewise_constant_500,9,76942,241058,0.3974447317010387,0.3608079338151676,True
11,negative_exponential,2,76942,241058,0.3986101286786959,0.355862190673983,True
11,piecewise_linear_1,4238,76942,241058,0.38259985060215296,0.48332603430139537,True
11,piecewise_linear_100,44,76942,241058,0.39471149836918396,0.36516013428552013,True
11,piecewise_linear_250,18,76942,241058,0.3951725532056467,0.3642595016400152,True
11,piecewise_linear_500,10,76942,241058,0.39552693511782766,0.3674470837200704,True
11,piecewise_linear_1500,4,76942,241058,0.39788776117123137,0.35586496095971626,True
12,no_color,0,77796,240204,0.3840599054997412,0.3656733914108711,True
12,global_color,1,77796,240204,0.3818900044928297,0.36315196255567794,True
12,quadratic,3,77796,240204,0.3803439744653021,0.361311736707119,True
12,cubic_spline,8,77796,240204,0.37951838684886535,0.3627119446558245,True
12,piecewise_constant_250,17,77796,240204,0.37954834492896805,0.36212754802406427,True
12,piecewise_constant_500,9,77796,240204,0.38016519758629375,0.3614847805195532,True
12,negative_exponential,2,77796,240204,0.3805351979136097,0.36149928909421064,True
12,piecewise_linear_1,4269,77796,240204,0.36721679024955023,0.43400364257386786,True
12,piecewise_linear_100,44,77796,240204,0.3780043761927473,0.3629201078604102,True
12,piecewise_linear_250,18,77796,240204,0.3787630069110402,0.3619615924468965,True
12,piecewise_linear_500,10,77796,240204,0.3796360205931025,0.36257174826652394,True
12,piecewise_linear_1500,4,77796,240204,0.3802338683687214,0.3611919239013431,True
13,no_color,0,80656,237344,0.36894677216514854,0.3705876907061587,True
13,global_color,1,80656,237344,0.3667471255481652,0.3680607795286729,True
13,quadratic,3,80656,237344,0.3657101484920383,0.3661380891623177,True
13,cubic_spline,8,80656,237344,0.36542680926550536,0.3660100527064074,True
13,piecewise_constant_250,17,80656,237344,0.36522823200419974,0.36602485539792773,True
13,piecewise_constant_500,9,80656,237344,0.36544075517261054,0.3660071146121764,True
13,negative_exponential,2,80656,237344,0.3657915327387982,0.3663470494697826,True
13,piecewise_linear_1,4222,80656,237344,0.35263824946787464,0.4795308166324866,True
13,piecewise_linear_100,44,80656,237344,0.36411611036108416,0.3670161052053559,True
13,piecewise_linear_250,18,80656,237344,0.36486615356890517,0.36548181664232604,True
13,piecewise_linear_500,10,80656,237344,0.3653603679638856,0.3661463710533962,True
13,piecewise_linear_1500,4,80656,237344,0.3654749719953116,0.366010121104911,True
14,no_color,0,77482,240518,0.3739645359253897,0.3689495819279376,True
14,global_color,1,77482,240518,0.3705458199694968,0.36692230299974377,True
14,quadratic,3,77482,240518,0.36918406084313726,0.36499779799297505,True
14,cubic_spline,8,77482,240518,0.36866752886916326,0.36600454129186677,True
14,piecewise_constant_250,17,77482,240518,0.36821961976263073,0.36777102164262315,True
14,piecewise_constant_500,9,77482,240518,0.3690333692701462,0.3647901632278636,True
14,negative_exponential,2,77482,240518,0.3696760489680937,0.36515110646111215,True
14,piecewise_linear_1,4194,77482,240518,0.3553108712468067,0.45460346210420416,True
14,piecewise_linear_100,43,77482,240518,0.3676478294515283,0.36823433069719563,True
14,piecewise_linear_250,18,77482,240518,0.36820761140134206,0.36865464115605084,True
14,piecewise_linear_500,10,77482,240518,0.36858666694994247,0.3661970634650668,True
14,piecewise_linear_1500,4,77482,240518,0.3691419723142682,0.36477922508125527,True
15,no_color,0,90782,227218,0.3635462186024839,0.3728185394710984,True
15,global_color,1,90782,227218,0.3612214608873288,0.3703224359410009,True
15,quadratic,3,90782,227218,0.3592880016050698,0.36878057868643155,True
15,cubic_spline,8,90782,227218,0.35871354060263055,0.3686294672284594,True
15,piecewise_constant_250,17,90782,227218,0.35880450026355987,0.3685762637431621,True
15,piecewise_constant_500,9,90782,227218,0.3590525678726508,0.36860368161030316,True
15,negative_exponential,2,90782,227218,0.35939146972876596,0.3689471338037833,True
15,piecewise_linear_1,4269,90782,227218,0.3480673330498686,0.4909225576682654,True
15,piecewise_linear_100,44,90782,227218,0.35721537190201735,0.3688640839316032,True
15,piecewise_linear_250,18,90782,227218,0.3579705076613787,0.36823710934635673,True
15,piecewise_linear_500,10,90782,227218,0.358958307030106,0.3686276009298734,True
15,piecewise_linear_1500,4,90782,227218,0.35904554634462243,0.3685991422360544,True
16,no_color,0,79790,238210,0.3790677330254081,0.3671916430906236,True
16,global_color,1,79790,238210,0.3756549771648403,0.3651686672409995,True
16,quadratic,3,79790,238210,0.3693882892758849,0.3680334218835232,True
16,cubic_spline,8,79790,238210,0.36926714867472354,0.3681096708384374,True
16,piecewise_constant_250,17,79790,238210,0.36923491044473283,0.36999548004877963,True
16,piecewise_constant_500,9,79790,238210,0.36950910225157685,0.36810753133861107,True
16,negative_exponential,2,79790,238210,0.36949181194500647,0.3687097815089808,True
16,piecewise_linear_1,4183,79790,238210,0.353565327934801,0.6632028112193863,True
16,piecewise_linear_100,43,79790,238210,0.3682394518712315,0.37202608899914974,True
16,piecewise_linear_250,18,79790,238210,0.36875122746226185,0.3687505054359481,True
16,piecewise_linear_500,10,79790,238210,0.3692274023493562,0.3682010881797372,True
16,piecewise_linear_1500,4,79790,238210,0.3693513847586088,0.3681706805760999,True
17,no_color,0,78454,239546,0.3840264892718046,0.3656338303682157,True
17,global_color,1,78454,239546,0.38095849990022224,0.3634250398705828,True
17,quadratic,3,78454,239546,0.3787047471178627,0.36184885549537366,True
17,cubic_spline,8,78454,239546,0.37787440604048345,0.3618978267558336,True
17,piecewise_constant_250,17,78454,239546,0.3779755915579886,0.36193137512345036,True
17,piecewise_constant_500,9,78454,239546,0.37817606109617663,0.36203177910142054,True
17,negative_exponential,2,78454,239546,0.378987971826278,0.36198269610129913,True
17,piecewise_linear_1,4270,78454,239546,0.36212914879016594,0.4810217108929572,True
17,piecewise_linear_100,44,78454,239546,0.37670889508546185,0.36249315114720787,True
17,piecewise_linear_250,18,78454,239546,0.3774999994027083,0.3618190549955043,True
17,piecewise_linear_500,10,78454,239546,0.3780988288455761,0.3619830585580956,True
17,piecewise_linear_1500,4,78454,239546,0.37827046163955097,0.36181832116022655,True
18,no_color,0,80678,237322,0.36962542251817915,0.3703571345294287,True
18,global_color,1,80678,237322,0.3668267398202859,0.3680415266950187,True
18,quadratic,3,80678,237322,0.3636216695596024,0.3669682088979282,True
18,cubic_spline,8,80678,237322,0.3627331945177904,0.3693195460127471,True
18,piecewise_constant_250,17,80678,237322,0.3629331015616267,0.36800733561825594,True
18,piecewise_constant_500,9,80678,237322,0.36353300253975235,0.3668042660760488,True
18,negative_exponential,2,80678,237322,0.363611004291533,0.3675437199838903,True
18,piecewise_linear_1,4139,80678,237322,0.3518379408489164,0.4754390663198694,True
18,piecewise_linear_100,43,80678,237322,0.3622353544159435,0.36949117630655814,True
18,piecewise_linear_250,18,80678,237322,0.3625027449073931,0.3689375885719471,True
18,piecewise_linear_500,10,80678,237322,0.36263690305766066,0.36886801328526153,True
18,piecewise_linear_1500,4,80678,237322,0.3636517751936853,0.36678084050204196,True
19,no_color,0,78790,239210,0.36261190937519605,0.3726614413237032,True
19,global_color,1,78790,239210,0.36030049666037983,0.3701690345926583,True
19,quadratic,3,78790,239210,0.35880344744066045,0.3683069585265182,True
19,cubic_spline,8,78790,239210,0.35812719476602917,0.3689490224273767,True
19,piecewise_constant_250,17,78790,239210,0.35790988496021964,0.36933948052173543,True
19,piecewise_constant_500,9,78790,239210,0.35853393429742975,0.36837388723705045,True
19,negative_exponential,2,78790,239210,0.35899650810579026,0.3685192482670399,True
19,piecewise_linear_1,4267,78790,239210,0.3431238466894111,0.4699667975535982,True
19,piecewise_linear_100,44,78790,239210,0.35729729694994694,0.36978342949061904,True
19,piecewise_linear_250,18,78790,239210,0.35786843230040516,0.36897307683510067,True
19,piecewise_linear_500,10,78790,239210,0.3580426202947252,0.3695424285314572,True
19,piecewise_linear_1500,4,78790,239210,0.3585264505157983,0.36827899691068106,True
20,no_color,0,73790,244210,0.3785721620646566,0.3676331676834025,True
20,global_color,1,73790,244210,0.3772626467930581,0.36510422696116845,True
20,quadratic,3,73790,244210,0.3765283359023036,0.36330343880127053,True
20,cubic_spline,8,73790,244210,0.3761225405136893,0.3635006971502168,True
20,piecewise_constant_250,17,73790,244210,0.3760001060135803,0.36360034018244414,True
20,piecewise_constant_500,9,73790,244210,0.3762500633971721,0.363413500533685,True
20,negative_exponential,2,73790,244210,0.37667088769288765,0.3634829102173161,True
20,piecewise_linear_1,4266,73790,244210,0.36569017361054207,0.4500451594191345,True
20,piecewise_linear_100,44,73790,244210,0.375374307223745,0.36420246236020665,True
20,piecewise_linear_250,18,73790,244210,0.37586171458665857,0.36330138209526325,True
20,piecewise_linear_500,10,73790,244210,0.3760555077558427,0.3636588410609698,True
20,piecewise_linear_1500,4,73790,244210,0.37623827534842186,0.3632502264573779,True
21,no_color,0,77760,240240,0.379054684146387,0.36729621827960246,True
21,global_color,1,77760,240240,0.37600667853095826,0.36508356827843347,True
21,quadratic,3,77760,240240,0.374165515721734,0.3633571080653719,True
21,cubic_spline,8,77760,240240,0.3734788952537614,0.36369278051739456,True
21,piecewise_constant_250,17,77760,240240,0.3734671961090891,0.36360644172280454,True
21,piecewise_constant_500,9,77760,240240,0.3739247090667408,0.36318642034104615,True
21,negative_exponential,2,77760,240240,0.37429135218170956,0.3635507457729372,True
21,piecewise_linear_1,4270,77760,240240,0.35647625458622173,0.5133984153345332,True
21,piecewise_linear_100,44,77760,240240,0.37132586612840346,0.3642955997213918,True
21,piecewise_linear_250,18,77760,240240,0.3721558068892671,0.3633636262115653,True
21,piecewise_linear_500,10,77760,240240,0.373595715707901,0.36372842584194826,True
21,piecewise_linear_1500,4,77760,240240,0.37394287069159954,0.3632462514053803,True
22,no_color,0,85364,232636,0.3767370349332651,0.3677623216899856,True
22,global_color,1,85364,232636,0.3734769314272216,0.3656848033292374,True
22,quadratic,3,85364,232636,0.37035527171152705,0.3644824923522146,True
22,cubic_spline,8,85364,232636,0.369218912999912,0.36453691848277997,True
22,piecewise_constant_250,17,85364,232636,0.36985372613723133,0.3644069924283929,True
22,piecewise_constant_500,8,85364,232636,0.3701224703707428,0.36431788828706874,True
22,negative_exponential,2,85364,232636,0.37049934488344993,0.36459549400070607,True
22,piecewise_linear_1,4187,85364,232636,0.3520411591612121,0.5086056531689513,True
22,piecewise_linear_100,43,85364,232636,0.3681855893309762,0.3645701086586716,True
22,piecewise_linear_250,18,85364,232636,0.36859765030979147,0.364267507233394,True
22,piecewise_linear_500,9,85364,232636,0.3700923715434886,0.3644393153774777,True
22,piecewise_linear_1500,4,85364,232636,0.3702318225674234,0.36432290014736757,True
23,no_color,0,81434,236566,0.3735590292629082,0.3690053927010605,True
23,global_color,1,81434,236566,0.37031481440894565,0.36690988916863254,True
23,quadratic,3,81434,236566,0.36875898905131704,0.36513884780019296,True
23,cubic_spline,8,81434,236566,0.36767605009859117,0.36556520256793945,True
23,piecewise_constant_250,17,81434,236566,0.3677206313485191,0.3657111613958852,True
23,piecewise_constant_500,9,81434,236566,0.36804125748751915,0.3656149533636406,True
23,negative_exponential,2,81434,236566,0.3688729687236096,0.365328506371505,True
23,piecewise_linear_1,4241,81434,236566,0.3515197813670862,0.522999719663142,True
23,piecewise_linear_100,44,81434,236566,0.3671374151243089,0.3654482317882589,True
23,piecewise_linear_250,18,81434,236566,0.3675314956434167,0.3651856177167805,True
23,piecewise_linear_500,10,81434,236566,0.36798201160015853,0.3657147073822819,True
23,piecewise_linear_1500,4,81434,236566,0.36826209126049597,0.36527815213515463,True
24,no_color,0,86618,231382,0.36651414012697014,0.3715406294750536,True
24,global_color,1,86618,231382,0.36391729634085407,0.3691554831868616,True
24,quadratic,3,86618,231382,0.3615471341134423,0.3676265972912047,True
24,cubic_spline,8,86618,231382,0.3604847866477238,0.37071478951912007,True
24,piecewise_constant_250,17,86618,231382,0.36039868388993346,0.36954228616635104,True
24,piecewise_constant_500,9,86618,231382,0.3615217651008724,0.3673917224331881,True
24,negative_exponential,2,86618,231382,0.3616007017332312,0.3680392054318972,True
24,piecewise_linear_1,4186,86618,231382,0.34596124665569883,0.45527728451209165,True
24,piecewise_linear_100,43,86618,231382,0.359887036193299,0.37099387998770733,True
24,piecewise_linear_250,18,86618,231382,0.3601609615786114,0.37266639634187526,True
24,piecewise_linear_500,10,86618,231382,0.36052105438603627,0.36944723361206816,True
24,piecewise_linear_1500,4,86618,231382,0.3615423062496683,0.36744462994957305,True
25,no_color,0,79154,238846,0.36111720713911133,0.37317210380255705,True
25,global_color,1,79154,238846,0.3586640252277004,0.3707268876144769,True
25,quadratic,3,79154,238846,0.3573849430700033,0.3688770525749395,True
25,cubic_spline,8,79154,238846,0.35679843642439646,0.36920200680160886,True
25,piecewise_constant_250,17,79154,238846,0.356622994356663,0.369175014147472,True
25,piecewise_constant_500,9,79154,238846,0.35703770954895464,0.36885185087367445,True
25,negative_exponential,2,79154,238846,0.35747242222385545,0.36906797450240103,True
25,piecewise_linear_1,4226,79154,238846,0.34141875842575425,0.5055315827749417,True
25,piecewise_linear_100,44,79154,238846,0.35616715437446944,0.36968434902662706,True
25,piecewise_linear_250,18,79154,238846,0.35654388247108537,0.36885604829562146,True
25,piecewise_linear_500,10,79154,238846,0.3568071197252856,0.3693416245475322,True
25,piecewise_linear_1500,4,79154,238846,0.3571021350639482,0.3687754476321368,True
26,no_color,0,74524,243476,0.3828714672756301,0.3662842435864959,True
26,global_color,1,74524,243476,0.3785480853541671,0.36469578418835297,True
26,quadratic,3,74524,243476,0.3710738703107316,0.367459412375509,True
26,cubic_spline,8,74524,243476,0.37019707297769705,0.3692486493276683,True
26,piecewise_constant_250,17,74524,243476,0.370116963727106,0.36875519795303513,True
26,piecewise_constant_500,9,74524,243476,0.370857491447991,0.36666510297060473,True
26,negative_exponential,2,74524,243476,0.3711712696708438,0.3681672277602877,True
26,piecewise_linear_1,4194,74524,243476,0.3585888228297069,0.453996614057258,True
26,piecewise_linear_100,43,74524,243476,0.36972588698719067,0.36920012508462186,True
26,piecewise_linear_250,18,74524,243476,0.3700574703665856,0.36991461529361924,True
26,piecewise_linear_500,10,74524,243476,0.37017373697749145,0.36901694061018037,True
26,piecewise_linear_1500,4,74524,243476,0.3711180771009244,0.3673967669664008,True
27,no_color,0,76926,241074,0.3822406511544678,0.3663202642674289,True
27,global_color,1,76926,241074,0.3789139270066039,0.36421197428444235,True
27,quadratic,3,76926,241074,0.37261702836005717,0.3651789356820415,True
27,cubic_spline,8,76926,241074,0.3720492392166651,0.3661548782387212,True
27,piecewise_constant_250,17,76926,241074,0.37203597648717274,0.3659929040669407,True
27,piecewise_constant_500,9,76926,241074,0.37288120151967474,0.36460386925168864,True
27,negative_exponential,2,76926,241074,0.37268906303321964,0.3659694379940798,True
27,piecewise_linear_1,4194,76926,241074,0.36329524971962784,0.43413569323912365,True
27,piecewise_linear_100,43,76926,241074,0.3710973565847313,0.3677042873925182,True
27,piecewise_linear_250,18,76926,241074,0.3716688754515764,0.36743573392267553,True
27,piecewise_linear_500,10,76926,241074,0.3718967715275636,0.3661259155961717,True
27,piecewise_linear_1500,4,76926,241074,0.3726565342899654,0.3650779442132893,True
28,no_color,0,86596,231404,0.34433875452364904,0.3798386239303765,True
28,global_color,1,86596,231404,0.3420361307158484,0.3773367029927474,True
28,quadratic,3,86596,231404,0.3414980239216142,0.37567626141323407,True
28,cubic_spline,8,86596,231404,0.34124085422254546,0.37585636348672147,True
28,piecewise_constant_250,17,86596,231404,0.3408923129163608,0.3763179272697376,True
28,piecewise_constant_500,9,86596,231404,0.3412731793708385,0.375802509729507,True
28,negative_exponential,2,86596,231404,0.3415187447707377,0.37574149851566785,True
28,piecewise_linear_1,4188,86596,231404,0.327907726678405,0.5164124089699567,True
28,piecewise_linear_100,43,86596,231404,0.340753569482681,0.37710930601737314,True
28,piecewise_linear_250,18,86596,231404,0.34091905007124246,0.3752766156196989,True
28,piecewise_linear_500,10,86596,231404,0.3412440624332391,0.375870747234239,True
28,piecewise_linear_1500,4,86596,231404,0.3413003012162668,0.37557755019905675,True
29,no_color,0,77520,240480,0.37543308442028733,0.3684753951033519,True
29,global_color,1,77520,240480,0.3705409075204213,0.36735820190033475,True
29,quadratic,3,77520,240480,0.3622115772425258,0.36885826232846713,True
29,cubic_spline,8,77520,240480,0.3609634288115952,0.37147852677554405,True
29,piecewise_constant_250,17,77520,240480,0.3612927530338304,0.36955320624073146,True
29,piecewise_constant_500,9,77520,240480,0.36214734646924557,0.36846741358072743,True
29,negative_exponential,2,77520,240480,0.36179980847992993,0.37166233296574896,True
29,piecewise_linear_1,4187,77520,240480,0.3459312514421721,0.49876929040926044,True
29,piecewise_linear_100,43,77520,240480,0.3605246238091678,0.37051235870700255,True
29,piecewise_linear_250,18,77520,240480,0.3607587384706605,0.37056025874953014,True
29,piecewise_linear_500,10,77520,240480,0.36090870540975795,0.37074286861912076,True
29,piecewise_linear_1500,4,77520,240480,0.36227265071684905,0.3688824618222931,True
30,no_color,0,76808,241192,0.3594728287982231,0.37357850461201375,True
30,global_color,1,76808,241192,0.35767108398203973,0.37098232104539475,True
30,quadratic,3,76808,241192,0.35605460838871594,0.36917856079233574,True
30,cubic_spline,8,76808,241192,0.3551396831164027,0.37083230821854923,True
30,piecewise_constant_250,17,76808,241192,0.3549703561728913,0.3711474554588591,True
30,piecewise_constant_500,9,76808,241192,0.35561730026470495,0.36931173066463496,True
30,negative_exponential,2,76808,241192,0.3562553118165407,0.36941644974383814,True
30,piecewise_linear_1,4162,76808,241192,0.3412265372529658,0.4955153370845365,True
30,piecewise_linear_100,43,76808,241192,0.3546379832488242,0.3718813914934457,True
30,piecewise_linear_250,18,76808,241192,0.3549498812206311,0.37174212080842,True
30,piecewise_linear_500,10,76808,241192,0.35504056912962767,0.3710204678798277,True
30,piecewise_linear_1500,4,76808,241192,0.35596554553045257,0.3690041187070859,True
31,no_color,0,78732,239268,0.3772757386142213,0.3678338192576519,True
31,global_color,1,78732,239268,0.375554662702872,0.365251298028215,True
31,quadratic,3,78732,239268,0.3747996065951627,0.36322174546711994,True
31,cubic_spline,8,78732,239268,0.3744329631343798,0.3631000826511417,True
31,piecewise_constant_250,16,78732,239268,0.3743386221988302,0.3630620931474405,True
31,piecewise_constant_500,9,78732,239268,0.3744618921697542,0.3631089266463914,True
31,negative_exponential,2,78732,239268,0.3750281383005093,0.36351573156053246,True
31,piecewise_linear_1,3981,78732,239268,0.36577551827773985,0.41619510220298006,True
31,piecewise_linear_100,41,78732,239268,0.37387528618833166,0.3631987555211352,True
31,piecewise_linear_250,17,78732,239268,0.3741475112818178,0.36304001259724383,True
31,piecewise_linear_500,10,78732,239268,0.37428927101544934,0.36303180722723105,True
31,piecewise_linear_1500,4,78732,239268,0.3745491895638789,0.363548616161095,True
32,no_color,0,76386,241614,0.3778202696370805,0.3677533446001337,True
32,global_color,1,76386,241614,0.3759693902582543,0.3651764644794807,True
32,quadratic,3,76386,241614,0.3753500676345659,0.36334584264270187,True
32,cubic_spline,8,76386,241614,0.3746305647518002,0.3638068845030725,True
32,piecewise_constant_250,17,76386,241614,0.37439219943529384,0.3654519071787366,True
32,piecewise_constant_500,9,76386,241614,0.37473793038550807,0.36479147869961975,True
32,negative_exponential,2,76386,241614,0.3754763608936568,0.36359051462173086,True
32,piecewise_linear_1,4266,76386,241614,0.3619899496932012,0.46773316722012154,True
32,piecewise_linear_100,44,76386,241614,0.3737438222932396,0.36837465819727555,True
32,piecewise_linear_250,18,76386,241614,0.37444544382713585,0.3638850335782163,True
32,piecewise_linear_500,10,76386,241614,0.3746063464038928,0.3640065636930157,True
32,piecewise_linear_1500,4,76386,241614,0.37493792965666195,0.36327010669195536,True
33,no_color,0,79642,238358,0.36682737007860927,0.37128886091892926,True
33,global_color,1,79642,238358,0.3640356121520822,0.3689728763634263,True
33,quadratic,3,79642,238358,0.36186243416107405,0.3675460341679065,True
33,cubic_spline,8,79642,238358,0.3612717265525793,0.3684721966316263,True
33,piecewise_constant_250,16,79642,238358,0.3614466653234368,0.3673717199046642,True
33,piecewise_constant_500,9,79642,238358,0.36165714502052837,0.3674477967695145,True
33,negative_exponential,2,79642,238358,0.3623201432674978,0.3676350695420891,True
33,piecewise_linear_1,4063,79642,238358,0.3480746543482795,0.4919414898161622,True
33,piecewise_linear_100,42,79642,238358,0.3601726294909509,0.37081135837821844,True
33,piecewise_linear_250,17,79642,238358,0.3608490879853669,0.36902566083272825,True
33,piecewise_linear_500,10,79642,238358,0.3610756332907734,0.3690114866186502,True
33,piecewise_linear_1500,4,79642,238358,0.3618850106116957,0.36732591675851056,True
34,no_color,0,75022,242978,0.37912535417448984,0.3674068985580429,True
34,global_color,1,75022,242978,0.3776837867898191,0.3648410736985334,True
34,quadratic,3,75022,242978,0.3763336072146646,0.3627774771628296,True
34,cubic_spline,8,75022,242978,0.37584951667838207,0.36398349420271986,True
34,piecewise_constant_250,17,75022,242978,0.37535342303899566,0.36621219073016675,True
34,piecewise_constant_500,9,75022,242978,0.3756617885955758,0.36413592826984365,True
34,negative_exponential,2,75022,242978,0.3764207189082481,0.36306315514318904,True
34,piecewise_linear_1,4216,75022,242978,0.3637818843367097,0.47307503268319695,True
34,piecewise_linear_100,43,75022,242978,0.3749494470133899,0.36624441597080803,True
34,piecewise_linear_250,18,75022,242978,0.3755555667893168,0.3652884620036807,True
34,piecewise_linear_500,10,75022,242978,0.3756118625424733,0.36509810452929337,True
34,piecewise_linear_1500,4,75022,242978,0.3762648135669728,0.36258827957724316,True
35,no_color,0,84834,233166,0.371693043095222,0.3696179035570138,True
35,global_color,1,84834,233166,0.367212888664242,0.3683846482387253,True
35,quadratic,3,84834,233166,0.36553507985658534,0.36623858231487044,True
35,cubic_spline,8,84834,233166,0.3646973864479307,0.36643410310946756,True
35,piecewise_constant_250,17,84834,233166,0.3648280549575223,0.36638134617127116,True
35,piecewise_constant_500,9,84834,233166,0.36506602131052523,0.36640509035616015,True
35,negative_exponential,2,84834,233166,0.36577438760716946,0.3664585120195592,True
35,piecewise_linear_1,4248,84834,233166,0.34670895765556675,0.6026748758469749,True
35,piecewise_linear_100,44,84834,233166,0.36364714608673815,0.36696974338530547,True
35,piecewise_linear_250,18,84834,233166,0.3642588446798826,0.3661433826047757,True
35,piecewise_linear_500,10,84834,233166,0.3648845067923197,0.3665305008745197,True
35,piecewise_linear_1500,4,84834,233166,0.3652085221089226,0.36609582867984763,True
36,no_color,0,75774,242226,0.37780231793648456,0.36778439506657234,True
36,global_color,1,75774,242226,0.37663003294988007,0.36527140880296505,True
36,quadratic,3,75774,242226,0.3759980470432743,0.3631817219452335,True
36,cubic_spline,8,75774,242226,0.3755270720567256,0.3639970581095303,True
36,piecewise_constant_250,17,75774,242226,0.3754353517858265,0.3640445731109369,True
36,piecewise_constant_500,9,75774,242226,0.3756332887429794,0.36399159536520803,True
36,negative_exponential,2,75774,242226,0.37655413651731273,0.36382015056235545,True
36,piecewise_linear_1,4149,75774,242226,0.3674991004912501,0.4198488955446543,True
36,piecewise_linear_100,43,75774,242226,0.3745668717402298,0.3650202823909767,True
36,piecewise_linear_250,18,75774,242226,0.37528506895596303,0.36418627123029546,True
36,piecewise_linear_500,10,75774,242226,0.37545608817320947,0.36391471872980374,True
36,piecewise_linear_1500,4,75774,242226,0.3756561189858509,0.3635318146388616,True
37,no_color,0,72478,245522,0.38183097151819506,0.3667296232721263,True
37,global_color,1,72478,245522,0.3788009157730994,0.3644784804988356,True
37,quadratic,3,72478,245522,0.3765778445768824,0.36298129434077087,True
37,cubic_spline,8,72478,245522,0.3757518692989231,0.3637119702700398,True
37,piecewise_constant_250,17,72478,245522,0.3759097211719111,0.36321201662023317,True
37,piecewise_constant_500,9,72478,245522,0.37614943677805723,0.36319324278979725,True
37,negative_exponential,2,72478,245522,0.3766410511643103,0.36306385234982236,True
37,piecewise_linear_1,4244,72478,245522,0.35989364271355456,0.4936435406379879,True
37,piecewise_linear_100,44,72478,245522,0.3745970596477645,0.36441705324840384,True
37,piecewise_linear_250,18,72478,245522,0.3753599270976358,0.36293208796996673,True
37,piecewise_linear_500,10,72478,245522,0.37600156305576043,0.36356442775680015,True
37,piecewise_linear_1500,4,72478,245522,0.3764258437110784,0.36278325218362856,True
38,no_color,0,82472,235528,0.3654060996941714,0.37184013732862775,True
38,global_color,1,82472,235528,0.3627947038262435,0.3694580534251351,True
38,quadratic,3,82472,235528,0.36153658290195145,0.3676938866425579,True
38,cubic_spline,8,82472,235528,0.3608468894589661,0.3677654313927936,True
38,piecewise_constant_250,17,82472,235528,0.36064003227710545,0.3680020040548899,True
38,piecewise_constant_500,9,82472,235528,0.3611160483415857,0.3676639610466747,True
38,negative_exponential,2,82472,235528,0.36162012463418103,0.3678554864444315,True
38,piecewise_linear_1,4248,82472,235528,0.3471646156383377,0.5040905226073281,True
38,piecewise_linear_100,44,82472,235528,0.3603801626495168,0.3675205958701847,True
38,piecewise_linear_250,18,82472,235528,0.360637637260009,0.36727776057510364,True
38,piecewise_linear_500,10,82472,235528,0.36089282764343955,0.36789599739297174,True
38,piecewise_linear_1500,4,82472,235528,0.36112690070679815,0.3677107808999437,True
39,no_color,0,82152,235848,0.35680435033054025,0.3748276208844688,True
39,global_color,1,82152,235848,0.3547632396771159,0.3722511147447639,True
39,quadratic,3,82152,235848,0.35390759911607916,0.37025797320958587,True
39,cubic_spline,8,82152,235848,0.35366236819995933,0.3703791797378695,True
39,piecewise_constant_250,17,82152,235848,0.3532122477036367,0.37119179171106415,True
39,piecewise_constant_500,9,82152,235848,0.3535132195449088,0.3708576692678706,True
39,negative_exponential,2,82152,235848,0.35396152403438486,0.3704476726489628,True
39,piecewise_linear_1,4042,82152,235848,0.3427221085543598,0.5014941596529968,True
39,piecewise_linear_100,42,82152,235848,0.35275024416208434,0.3715613318978848,True
39,piecewise_linear_250,18,82152,235848,0.35310647640427295,0.3709657319973791,True
39,piecewise_linear_500,10,82152,235848,0.3535486792421041,0.37015880198843293,True
39,piecewise_linear_1500,4,82152,235848,0.3536952175151792,0.37023401695323227,True
40,no_color,0,79200,238800,0.3631789902259975,0.3724906184791279,True
40,global_color,1,79200,238800,0.36150312614086494,0.3698759063523941,True
40,quadratic,3,79200,238800,0.36081587403183746,0.36769399651763124,True
40,cubic_spline,8,79200,238800,0.36019419194149555,0.36989776769044647,True
40,piecewise_constant_250,17,79200,238800,0.3601792919725759,0.36928385251961104,True
40,piecewise_constant_500,9,79200,238800,0.36036273755059256,0.369155075728001,True
40,negative_exponential,2,79200,238800,0.3609998068918093,0.36804045892151727,True
40,piecewise_linear_1,4118,79200,238800,0.3514248028395612,0.48320730331533907,True
40,piecewise_linear_100,42,79200,238800,0.3594626374798097,0.37018930482985946,True
40,piecewise_linear_250,18,79200,238800,0.3600938155039617,0.369551655192454,True
40,piecewise_linear_500,10,79200,238800,0.3601994309499256,0.36957901965867423,True
40,piecewise_linear_1500,4,79200,238800,0.36043224620528963,0.3680846023639616,True
